/*INSERTING TABLE ENDEREÇO*/
INSERT INTO ENDERECO (ID_ENDERECO, CEP, NUMERO, LOGRADOURO, BAIRRO, COMPLEMENTO, CIDADE, UF)
VALUES (1, '12345-678', '10', 'Street A', 'Neighborhood A', 'Apartment 101', 'City A', 'UF A');

INSERT INTO ENDERECO (ID_ENDERECO, CEP, NUMERO, LOGRADOURO, BAIRRO, COMPLEMENTO, CIDADE, UF)
VALUES (2, '98765-432', '20', 'Street B', 'Neighborhood B', 'Apartment 202', 'City B', 'UF B');

INSERT INTO ENDERECO (ID_ENDERECO, CEP, NUMERO, LOGRADOURO, BAIRRO, COMPLEMENTO, CIDADE, UF)
VALUES (3, '54321-876', '30', 'Street C', 'Neighborhood C', 'Apartment 303', 'City C', 'UF C');

INSERT INTO ENDERECO (ID_ENDERECO, CEP, NUMERO, LOGRADOURO, BAIRRO, COMPLEMENTO, CIDADE, UF)
VALUES (4, '87654-321', '40', 'Street D', 'Neighborhood D', 'Apartment 404', 'City D', 'UF D');

INSERT INTO ENDERECO (ID_ENDERECO, CEP, NUMERO, LOGRADOURO, BAIRRO, COMPLEMENTO, CIDADE, UF)
VALUES (5, '13579-024', '50', 'Street E', 'Neighborhood E', 'Apartment 505', 'City E', 'UF E');

INSERT INTO ENDERECO (ID_ENDERECO, CEP, NUMERO, LOGRADOURO, BAIRRO, COMPLEMENTO, CIDADE, UF)
VALUES (6, '24680-135', '60', 'Street F', 'Neighborhood F', 'Apartment 606', 'City F', 'UF F');

INSERT INTO ENDERECO (ID_ENDERECO, CEP, NUMERO, LOGRADOURO, BAIRRO, COMPLEMENTO, CIDADE, UF)
VALUES (7, '98765-432', '70', 'Street G', 'Neighborhood G', 'Apartment 707', 'City G', 'UF G');

INSERT INTO ENDERECO (ID_ENDERECO, CEP, NUMERO, LOGRADOURO, BAIRRO, COMPLEMENTO, CIDADE, UF)
VALUES (8, '54321-876', '80', 'Street H', 'Neighborhood H', 'Apartment 808', 'City H', 'UF H');

INSERT INTO ENDERECO (ID_ENDERECO, CEP, NUMERO, LOGRADOURO, BAIRRO, COMPLEMENTO, CIDADE, UF)
VALUES (9, '87654-321', '90', 'Street I', 'Neighborhood I', 'Apartment 909', 'City I', 'UF I');

INSERT INTO ENDERECO (ID_ENDERECO, CEP, NUMERO, LOGRADOURO, BAIRRO, COMPLEMENTO, CIDADE, UF)
VALUES (10, '13579-024', '100', 'Street J', 'Neighborhood J', 'Apartment 1010', 'City J', 'UF J');

INSERT INTO ENDERECO (ID_ENDERECO, CEP, NUMERO, LOGRADOURO, BAIRRO, COMPLEMENTO, CIDADE, UF)
VALUES (11, '24680-135', '110', 'Street K', 'Neighborhood K', 'Apartment 1111', 'City K', 'UF K');

INSERT INTO ENDERECO (ID_ENDERECO, CEP, NUMERO, LOGRADOURO, BAIRRO, COMPLEMENTO, CIDADE, UF)
VALUES (12, '98765-432', '120', 'Street L', 'Neighborhood L', 'Apartment 1212', 'City L', 'UF L');

INSERT INTO ENDERECO (ID_ENDERECO, CEP, NUMERO, LOGRADOURO, BAIRRO, COMPLEMENTO, CIDADE, UF)
VALUES (13, '54321-876', '130', 'Street M', 'Neighborhood M', 'Apartment 1313', 'City M', 'UF M');

INSERT INTO ENDERECO (ID_ENDERECO, CEP, NUMERO, LOGRADOURO, BAIRRO, COMPLEMENTO, CIDADE, UF)
VALUES (14, '87654-321', '140', 'Street N', 'Neighborhood N', 'Apartment 1414', 'City N', 'UF N');

INSERT INTO ENDERECO (ID_ENDERECO, CEP, NUMERO, LOGRADOURO, BAIRRO, COMPLEMENTO, CIDADE, UF)
VALUES (15, '13579-024', '150', 'Street O', 'Neighborhood O', 'Apartment 1515', 'City O', 'UF O');

INSERT INTO ENDERECO (ID_ENDERECO, CEP, NUMERO, LOGRADOURO, BAIRRO, COMPLEMENTO, CIDADE, UF)
VALUES (16, '24680-135', '160', 'Street P', 'Neighborhood P', 'Apartment 1616', 'City P', 'UF P');

/*INSERTS TABLE TRANSPORTADORA*/
INSERT INTO TRANSPORTADORA (ID_TRANSPORTADORA, RAZAO_SOCIAL, CNPJ, ID_ENDERECO)
VALUES (1, 'Transportadora A', '12345678901234', 1);

/*INSERT TABLE ENTREGADOR*/
INSERT INTO ENTREGADOR (ID_ENTREGADOR, NOME, IDADE, CPF, CAT_CNH, TEM_CAT_A, ID_TRANSPORTADORA, ID_ENDERECO)
VALUES (1, 'Entregador A', 30, '12345678901234', 'B', 0, 1, 2);

INSERT INTO ENTREGADOR (ID_ENTREGADOR, NOME, IDADE, CPF, CAT_CNH, TEM_CAT_A, ID_TRANSPORTADORA, ID_ENDERECO)
VALUES (2, 'Entregador B', 35, '98765432109876', 'C', 1, 1, 3);

INSERT INTO ENTREGADOR (ID_ENTREGADOR, NOME, IDADE, CPF, CAT_CNH, TEM_CAT_A, ID_TRANSPORTADORA, ID_ENDERECO)
VALUES (3, 'Entregador C', 28, '54321098765432', 'B', 0, 1, 4);

INSERT INTO ENTREGADOR (ID_ENTREGADOR, NOME, IDADE, CPF, CAT_CNH, TEM_CAT_A, ID_TRANSPORTADORA, ID_ENDERECO)
VALUES (4, 'Entregador D', 32, '87654321098765', 'C', 1, 1, 5);

INSERT INTO ENTREGADOR (ID_ENTREGADOR, NOME, IDADE, CPF, CAT_CNH, TEM_CAT_A, ID_TRANSPORTADORA, ID_ENDERECO)
VALUES (5, 'Entregador E', 27, '13579024681357', 'B', 0, 1, 6);

/*INSERT TABLE LOJA */
INSERT INTO LOJA (ID_LOJA, RAZAO_SOCIAL, CNPJ, ID_ENDERECO)
VALUES (1, 'Loja A', '12345678901234', 7);

INSERT INTO LOJA (ID_LOJA, RAZAO_SOCIAL, CNPJ, ID_ENDERECO)
VALUES (2, 'Loja B', '98765432109876', 8);

INSERT INTO LOJA (ID_LOJA, RAZAO_SOCIAL, CNPJ, ID_ENDERECO)
VALUES (3, 'Loja C', '54321098765432', 9);

INSERT INTO LOJA (ID_LOJA, RAZAO_SOCIAL, CNPJ, ID_ENDERECO)
VALUES (4, 'Loja D', '87654321098765', 10);

INSERT INTO LOJA (ID_LOJA, RAZAO_SOCIAL, CNPJ, ID_ENDERECO)
VALUES (5, 'Loja E', '13579024681357', 11);


/*INSERT TABLE DESTINATARIO*/
INSERT INTO DESTINATARIO (ID_DESTINATARIO, CPF_CNPJ, NOME, ID_ENDERECO)
VALUES (1, '12345678901234', 'Destinatario A', 12);

INSERT INTO DESTINATARIO (ID_DESTINATARIO, CPF_CNPJ, NOME, ID_ENDERECO)
VALUES (2, '98765432109876', 'Destinatario B', 13);

INSERT INTO DESTINATARIO (ID_DESTINATARIO, CPF_CNPJ, NOME, ID_ENDERECO)
VALUES (3, '54321098765432', 'Destinatario C', 14);

INSERT INTO DESTINATARIO (ID_DESTINATARIO, CPF_CNPJ, NOME, ID_ENDERECO)
VALUES (4, '87654321098765', 'Destinatario D', 15);

INSERT INTO DESTINATARIO (ID_DESTINATARIO, CPF_CNPJ, NOME, ID_ENDERECO)
VALUES (5, '13579024681357', 'Destinatario E', 16);

/*INSERT TABLE STATUS*/
INSERT INTO STATUS (ID_STATUS, NOME)
VALUES (1, 'Pending');

INSERT INTO STATUS (ID_STATUS, NOME)
VALUES (2, 'In Transit');

INSERT INTO STATUS (ID_STATUS, NOME)
VALUES (3, 'Delivered');

INSERT INTO STATUS (ID_STATUS, NOME)
VALUES (4, 'Returned');

INSERT INTO STATUS (ID_STATUS, NOME)
VALUES (5, 'Cancelled');

/*INSERT TABLE ENCOMENDA*/
INSERT INTO ENCOMENDA (ID_ENCOMENDA, PESO, ALTURA, LARGURA, PROFUNDIDADE, DATA_PREVISTA, OBSERVACAO, ID_ENTREGADOR, ID_LOJA, ID_DESTINATARIO, ID_STATUS)
VALUES (1, 2.5, 10.2, 8.5, 5.3, '2023-05-25', 'Fragile item', 1, 1, 1, 2);

INSERT INTO ENCOMENDA (ID_ENCOMENDA, PESO, ALTURA, LARGURA, PROFUNDIDADE, DATA_PREVISTA, OBSERVACAO, ID_ENTREGADOR, ID_LOJA, ID_DESTINATARIO, ID_STATUS)
VALUES (2, 1.8, 6.5, 4.9, 3.2, '2023-05-26', 'Handle with care', 2, 2, 2, 1);

INSERT INTO ENCOMENDA (ID_ENCOMENDA, PESO, ALTURA, LARGURA, PROFUNDIDADE, DATA_PREVISTA, OBSERVACAO, ID_ENTREGADOR, ID_LOJA, ID_DESTINATARIO, ID_STATUS)
VALUES (3, 3.2, 12.1, 9.8, 6.5, '2023-05-27', 'Do not stack', 3, 3, 3, 2);

INSERT INTO ENCOMENDA (ID_ENCOMENDA, PESO, ALTURA, LARGURA, PROFUNDIDADE, DATA_PREVISTA, OBSERVACAO, ID_ENTREGADOR, ID_LOJA, ID_DESTINATARIO, ID_STATUS)
VALUES (4, 2.1, 9.7, 7.3, 4.8, '2023-05-28', 'Handle with gloves', 4, 4, 4, 3);

INSERT INTO ENCOMENDA (ID_ENCOMENDA, PESO, ALTURA, LARGURA, PROFUNDIDADE, DATA_PREVISTA, OBSERVACAO, ID_ENTREGADOR, ID_LOJA, ID_DESTINATARIO, ID_STATUS)
VALUES (5, 1.5, 8.3, 6.2, 4.1, '2023-05-29', 'Fragile, glass inside', 5, 5, 5, 1);



